Vintage,Country,Region,Wine,Quantity,Size,Peak Drinking Window,Classification,Wine Rating,Professional Critic Ratings,Wine Notes,Varietal,Alcohol Level,Flavour Profile,Recommended Service Temp
2010,Spain,Rioja,R. Lopez de Heredia Vina Tondonia Reserva,3,750ml,2022-2045,Reserva,4,JS 97 : RP 96 : WE 96 : TA 94,"Complex and savoury with depth of black plum and blue fruit over orange rind, iron, tobacco and earthy spices. Cedar and truffle expected to develop. Juicy, zesty and tight with dusty tannins and bright berry fruit on the medium-to-full-bodied palate.",Tempranillo : Garnacha : Graciano : Mazuelo,13%,Forest floor : Wild berries : Tobacco : Cedar : Orange rind : Iron,16-18°C
2011,Italy,Piedmont,"Barolo: Massolino, Margheria",1,Magnum,2025-2045,DOCG,4,AG 93 : WS 93 : WE 93 : JS 92,"A racy Barolo with dark red and black cherries, smoke, tobacco, licorice, new leather and cloves. The rich, boisterous personality of the year comes through in a relatively fleshy, opulent Serralunga Barolo.",Nebbiolo,14.5%,Dark cherry : Smoke : Tobacco : Licorice : Leather : Clove,18-20°C
2012,Italy,Piedmont,"Barolo: Luciano Sandrone, Le Vigne",1,Magnum,2025-2050,DOCG,5,JS 97 : AG 96 : RP 95 : WS 95,"Silky and refined with layers of dark cherry, tar, rose petal and spice. Wonderfully integrated tannins and exceptional length. A towering example of the vintage.",Nebbiolo,14.5%,Dark cherry : Tar : Rose petal : Spice : Liquorice : Mineral,18-20°C
2013,Italy,Piedmont,"Barbaresco: Fiorenzo Nada, Montaribaldi",2,750ml,2025-2040,DOCG,3,JS 93 : AG 92 : RP 91,"Elegant Barbaresco with red cherry, dried herbs, rose petal and subtle earthy tones. Fine-grained tannins and good acidity give this wine excellent structure and balance.",Nebbiolo,14%,Red cherry : Dried herbs : Rose petal : Earth : Violet : Spice,18-20°C
2013,Italy,Piedmont,"Barolo: Giacomo Fenocchio, Bussia",3,750ml,2025-2045,DOCG Riserva,4,JS 95 : AG 94 : RP 93,"Powerful and structured Riserva from the Bussia cru with dark fruit, tar, leather and balsamic notes. Dense tannins and remarkable concentration suggest considerable ageing potential.",Nebbiolo,14.5%,Dark fruit : Tar : Leather : Balsamic : Tobacco : Mineral,18-20°C
2013,Italy,Piedmont,"Barolo: Luigi Pira, Vigna Rionda",1,750ml,2025-2048,DOCG,5,JS 96 : AG 95 : RP 94,"Profound Barolo from the legendary Vigna Rionda vineyard with intense dark fruit, crushed rock, liquorice and floral aromas. Monumental structure and tannins with exceptional length.",Nebbiolo,14.5%,Dark fruit : Crushed rock : Liquorice : Violet : Tar : Iron,18-20°C
2014,Italy,Piedmont,"Barolo: GD Vajra, Ravera",6,750ml,2026-2046,DOCG,4,JS 95 : AG 94 : RP 93 : WS 93,"Refined and elegant from the Ravera cru in Novello. Red cherry, wild strawberry, rose and mint with chalky, persistent tannins. A transparent expression of site.",Nebbiolo,14%,Red cherry : Wild strawberry : Rose : Mint : Chalk : Herbs,18-20°C
2015,Italy,Piedmont,"Barbaresco: Produttori del Barbaresco, Riserva Asili",4,750ml,2027-2050,DOCG Riserva,4,AG 96 : JS 95 : RP 95 : WS 94,"Asili delivers a Barbaresco of outstanding purity with red cherry, rose, spice and a mineral core. Silky tannins frame the wine beautifully with exceptional finesse and length.",Nebbiolo,14.5%,Red cherry : Rose : Spice : Mineral : Tar : Dried herb,18-20°C
2015,Italy,Piedmont,"Barolo: Oddero, Rocche di Castiglione",2,750ml,2027-2050,DOCG,4,JS 95 : AG 94 : RP 93,"Classically proportioned Barolo with dark cherry, dried flowers, tobacco and earthy spice. Firm, fine-grained tannins provide excellent backbone with a long, savoury finish.",Nebbiolo,14.5%,Dark cherry : Dried flowers : Tobacco : Earth : Spice : Liquorice,18-20°C
2015,Italy,Tuscany,Poggio di Sotto Brunello di Montalcino,6,750ml,2025-2050,DOCG,5,AG 97 : JS 96 : RP 96 : WS 95,"Ethereal Brunello with layers of red cherry, crushed flowers, spice and mineral. Translucent purity and remarkable depth with polished tannins and vibrant acidity.",Sangiovese,14%,Red cherry : Crushed flowers : Spice : Mineral : Blood orange : Earth,16-18°C
2015,Italy,Tuscany,Sesti (Castello di Argiano) Brunello di Montalcino,12,750ml,2025-2045,DOCG,3,JS 94 : AG 93 : RP 93,"Traditional Brunello with wild cherry, dried herbs, leather and a distinctive earthy character. Medium-to-full-bodied with firm tannins and a long, savoury finish.",Sangiovese,14%,Wild cherry : Dried herbs : Leather : Earth : Iron : Tobacco,16-18°C
2015,Italy,Tuscany,Siro Pacenti Brunello di Montalcino 'Vecchie Vigne',6,750ml,2025-2048,DOCG,4,JS 97 : RP 96 : AG 96,"Stunning old-vine Brunello with incredible concentration and depth. Dark cherry, plum, leather, spice and balsamic notes converge with polished tannins and a seemingly endless finish.",Sangiovese,15%,Dark cherry : Plum : Leather : Spice : Balsamic : Tobacco,16-18°C
2016,France,Bordeaux,Chateau Capbern,6,75cl,2026-2040,Cru Bourgeois Superieur,2,JS 92 : RP 90 : JA 90,"Charming Saint-Estephe with ripe dark fruit, cedar and graphite notes. Medium-bodied with firm tannins and good freshness. Excellent value.",Cabernet Sauvignon : Merlot : Petit Verdot,13%,Dark fruit : Cedar : Graphite : Blackcurrant : Spice : Earth,16-18°C
2016,France,Bordeaux,Chateau Clos du Marquis,2,75cl,2028-2050,-,3,JS 95 : RP 93 : NM 93 : JA 93,"Elegant and precise with cassis, graphite, cedar and violets. Firm and finely structured with polished tannins and impressive length. A standout Saint-Julien.",Cabernet Sauvignon : Merlot : Cabernet Franc,13%,Cassis : Graphite : Cedar : Violet : Blackcurrant : Spice,16-18°C
2016,France,Bordeaux,Chateau Gloria,12,75cl,2026-2042,-,2,JS 93 : RP 91 : JA 91,"Classic Saint-Julien with ripe blackcurrant, plum, cedar and tobacco. Medium-to-full-bodied with supple tannins and a generous, fleshy palate.",Cabernet Sauvignon : Merlot : Cabernet Franc : Petit Verdot,13%,Blackcurrant : Plum : Cedar : Tobacco : Vanilla : Earth,16-18°C
2016,France,Bordeaux,Chateau Grand-Puy-Lacoste,6,75cl,2028-2055,5eme Grand Cru Classe,4,JS 96 : NM 95 : RP 94+ : JA 94,"A brilliant, neoclassical Pauillac with cedar, graphite and a fresh array of ripe blackberries, dark cherries and cassis. Seamless palate with fine, firm, ascending layers of tannins. Classic Pauillac to its core.",Cabernet Sauvignon : Merlot,13.3%,Blackberry : Cedar : Graphite : Cassis : Tobacco : Truffle,16-18°C
2016,France,Bordeaux,Chateau Les Ormes de Pez,12,75cl,2026-2042,-,2,JS 92 : RP 90 : JA 90,"Well-made Saint-Estephe with dark fruit, spice and earthy notes. Medium-bodied with firm tannins, good acidity and a clean finish.",Cabernet Sauvignon : Merlot : Cabernet Franc : Petit Verdot,13.5%,Dark fruit : Spice : Earth : Cedar : Blackcurrant : Graphite,16-18°C
2016,France,Bordeaux,Chateau Meyney,12,75cl,2026-2042,Cru Bourgeois Exceptionnel,2,JS 94 : RP 92 : JA 91,"Powerful Saint-Estephe with concentrated dark fruit, graphite and spice. Full-bodied with robust tannins and impressive depth. Outstanding value.",Cabernet Sauvignon : Merlot : Petit Verdot : Cabernet Franc,14%,Dark fruit : Graphite : Spice : Blackcurrant : Cedar : Leather,16-18°C
2016,Italy,Piedmont,"Barbaresco: Produttori del Barbaresco, Riserva Ovello",1,Magnum,2028-2055,DOCG Riserva,4,AG 95 : JS 95 : RP 94,"The Ovello Riserva delivers a powerful expression of Barbaresco with dark cherry, iron, tar and dried herbs. Firm, structured tannins and outstanding concentration.",Nebbiolo,14.5%,Dark cherry : Iron : Tar : Dried herbs : Rose : Mineral,18-20°C
2016,Italy,Piedmont,"Barolo: Chiara Boschis (E. Pira), Cannubi",1,Magnum,2028-2056,DOCG,5,AG 96 : JS 96 : RP 95,"Exquisite Cannubi with extraordinary perfume of rose, cherry, tar and spice. Silky tannins and remarkable elegance define this quintessential expression of the legendary cru.",Nebbiolo,14.5%,Rose : Cherry : Tar : Spice : Violet : Mineral,18-20°C
2016,Italy,Piedmont,"Barolo: Chiara Boschis (E. Pira), Mosconi",6,750ml,2028-2052,DOCG,4,AG 95 : JS 95 : RP 94,"Rich and structured Barolo from Mosconi with dark cherry, plum, leather and balsamic notes. Dense but refined tannins and excellent concentration.",Nebbiolo,14.5%,Dark cherry : Plum : Leather : Balsamic : Tar : Spice,18-20°C
2016,Italy,Piedmont,"Barolo: Michele Chiarlo, Cannubi",6,750ml,2028-2050,DOCG,4,JS 95 : AG 94 : RP 93,"Elegant Cannubi with bright red cherry, rose petal, cinnamon and a minerally core. Fine-grained tannins and excellent balance make this an approachable yet age-worthy Barolo.",Nebbiolo,14.5%,Red cherry : Rose petal : Cinnamon : Mineral : Tar : Violet,18-20°C
2016,Italy,Tuscany,Canalicchio di Sopra Brunello di Montalcino,6,750ml,2026-2048,DOCG,3,JS 96 : AG 95 : RP 94,"Vibrant and intense Brunello with red cherry, wild herbs, iron and spice. Medium-to-full-bodied with firm tannins and a long, mineral-driven finish.",Sangiovese,14.5%,Red cherry : Wild herbs : Iron : Spice : Leather : Earth,16-18°C
2016,Italy,Tuscany,Canalicchio di Sopra Brunello di Montalcino 'La Casaccia',1,1.5L (Magnum),2028-2055,DOCG,4,JS 97 : AG 96 : RP 95,"Single-vineyard Brunello of outstanding depth with dark cherry, plum, leather and exotic spice. Concentrated and powerful with velvety tannins and extraordinary persistence.",Sangiovese,14.5%,Dark cherry : Plum : Leather : Exotic spice : Mineral : Earth,16-18°C
2016,Italy,Tuscany,Castello Romitorio Brunello di Montalcino,7,750ml,2026-2046,DOCG,3,JS 94 : RP 93 : AG 92,"Modern-styled Brunello with ripe dark cherry, plum, vanilla and spice. Full-bodied with smooth tannins and a generous, open palate.",Sangiovese,14%,Dark cherry : Plum : Vanilla : Spice : Leather : Tobacco,16-18°C
2016,Italy,Tuscany,Poggio di Sotto Brunello di Montalcino,6,750ml,2026-2052,DOCG,5,AG 97 : JS 97 : RP 96,"Magnificent Brunello of crystalline purity with red cherry, blood orange, rose, crushed stone and spice. Ethereal yet powerful with polished tannins and extraordinary length.",Sangiovese,14%,Red cherry : Blood orange : Rose : Crushed stone : Spice : Herbs,16-18°C
2017,France,Burgundy,Domaine Jean Tardy et Fils Nuits-St-Georges 1er Cru 'Aux Argillas',1,75cl,2025-2040,1er Cru,3,BH 91 : JR 17,"Perfumed Nuits-Saint-Georges with red and dark berry fruit, earth and subtle spice. Medium-bodied with fine tannins and a savoury, lingering finish.",Pinot Noir,13%,Red berry : Dark berry : Earth : Spice : Violet : Leather,15-17°C
2017,France,Burgundy,Louis Jadot Beaune 1er Cru 'Clos des Ursules',4,75cl,2025-2038,1er Cru,3,BH 92 : JS 93 : WS 92,"A flagship monopole bottling from Jadot showing ripe cherry, raspberry, spice and a touch of new oak. Medium-bodied with silky tannins and good length.",Pinot Noir,13%,Cherry : Raspberry : Spice : Vanilla : Earth : Floral,15-17°C
2017,Italy,Piedmont,"Barbaresco: Boffa Carlo, Paje",2,750ml,2027-2047,DOCG,3,JS 93 : AG 92,"Traditionally crafted Barbaresco from the Paje cru with dried cherry, rose, tar and herbal notes. Firm tannins and excellent acidity provide classical structure.",Nebbiolo,14%,Dried cherry : Rose : Tar : Herbs : Leather : Spice,18-20°C
2017,Italy,Piedmont,"Barbaresco: Vietti, Masseria",6,750ml,2027-2050,DOCG,4,AG 95 : JS 95 : RP 94,"Elegant and intensely perfumed with red cherry, wild strawberry, crushed flowers and spice. Refined tannins and outstanding length from this prestigious single vineyard.",Nebbiolo,14.5%,Red cherry : Wild strawberry : Crushed flowers : Spice : Mineral : Tar,18-20°C
2017,Italy,Piedmont,"Barolo: Chiara Boschis (E. Pira), Via Nuova",8,750ml,2027-2050,DOCG,4,AG 94 : JS 94 : RP 93,"A blend from multiple crus delivering complexity and accessibility. Dark cherry, dried flowers, leather and spice with supple, integrated tannins.",Nebbiolo,14.5%,Dark cherry : Dried flowers : Leather : Spice : Tar : Tobacco,18-20°C
2017,Italy,Piedmont,"Barolo: Massolino, Parafada",2,750ml,2027-2050,DOCG,4,AG 94 : JS 94 : RP 93 : WE 94,"Structured Barolo from the Parafada cru in Serralunga. Dark fruit, tar, tobacco and mineral notes with dense, firm tannins and impressive depth.",Nebbiolo,14.5%,Dark fruit : Tar : Tobacco : Mineral : Spice : Liquorice,18-20°C
2017,Italy,Piedmont,"Barolo: Oddero, Villero",2,750ml,2027-2050,DOCG,4,JS 95 : AG 94 : RP 93,"Powerful Villero cru with dark cherry, tar, liquorice, iron and dried herbs. Firm, structured tannins and wonderful depth. A Barolo built for ageing.",Nebbiolo,14.5%,Dark cherry : Tar : Liquorice : Iron : Dried herbs : Earth,18-20°C
2017,Spain,Ribera del Duero,Vega Sicilia Alion,4,750ml,2024-2038,-,4,JS 94 : RP 94 : WS 93,"A classical Alion with developed aromas, juicy and round but not heavy, with a tad of earthy rusticity. Balsamic notes and hints of liquorice develop with time.",Tempranillo,15%,Dark berry : Chocolate : Coffee : Liquorice : Balsamic : Spice,16-18°C
2017,Italy,Tuscany,San Filippo Brunello di Montalcino 'Le Lucere',6,750ml,2027-2050,DOCG,4,JS 97 : AG 95 : RP 95,"Superb single-vineyard Brunello with layers of dark cherry, plum, dried herbs, leather and mineral. Full-bodied with velvety tannins and outstanding persistence.",Sangiovese,14.5%,Dark cherry : Plum : Dried herbs : Leather : Mineral : Tobacco,16-18°C
2018,France,Burgundy,Domaine Gerard Julien et Fils Nuits-St-Georges,3,Magnum,2026-2040,Village,2,BH 90 : JR 16.5,"Charming village Nuits with ripe red fruit, earth and gentle spice. Medium-bodied with soft tannins and a clean, balanced finish.",Pinot Noir,13%,Red fruit : Earth : Spice : Cherry : Leather : Floral,15-17°C
2018,Italy,Piedmont,"Barbaresco: Giuseppe Cortese, Rabaja",2,750ml,2028-2048,DOCG,3,AG 94 : JS 93 : RP 93,"Classic Rabaja with perfumed red cherry, rose, tar and dried herbs. Fine-grained tannins and excellent purity from this revered cru.",Nebbiolo,14.5%,Red cherry : Rose : Tar : Dried herbs : Mineral : Spice,18-20°C
2018,Italy,Piedmont,"Barbaresco: La Ca Nova, Bric Mentina Montefico",12,750ml,2028-2048,DOCG,3,JS 93 : AG 92,"Expressive Barbaresco from the Montefico cru with red cherry, wild herbs, rose and spice. Medium-to-full-bodied with firm tannins and good freshness.",Nebbiolo,14%,Red cherry : Wild herbs : Rose : Spice : Tar : Earth,18-20°C
2018,Italy,Piedmont,"Barbaresco: La Ca Nova, Montestafano",8,750ml,2028-2048,DOCG,3,JS 93 : AG 92,"Rich and structured Barbaresco from Montestefano with dark cherry, tar, leather and spice. Full-bodied with dense tannins and a long, persistent finish.",Nebbiolo,14%,Dark cherry : Tar : Leather : Spice : Dried herb : Mineral,18-20°C
2018,Spain,Priorat,Clos Mogador,3,750ml,2025-2040,-,5,RP 97 : JS 96 : AG 95 : JR 18,"Iconic Priorat with remarkable depth and complexity. Dark fruit, mineral, garrigue and balsamic notes with layers of flavour that unfold over time. Polished tannins and extraordinary persistence.",Garnacha : Carinena : Syrah : Cabernet Sauvignon,15%,Dark fruit : Mineral : Garrigue : Balsamic : Graphite : Spice,16-18°C
2018,Italy,Tuscany,Il Poggione Brunello di Montalcino,6,750ml,2028-2050,DOCG,3,JS 95 : AG 94 : RP 94,"Classic, age-worthy Brunello with dark cherry, plum, leather, tobacco and spice. Full-bodied with firm tannins and excellent structure. A benchmark for the estate.",Sangiovese,14.5%,Dark cherry : Plum : Leather : Tobacco : Spice : Earth,16-18°C
2019,France,Bordeaux,Chateau Brane-Cantenac,3,Magnum,2030-2060,2eme Grand Cru Classe,5,JS 97 : NM 96 : RP 95 : JA 95,"Outstanding Margaux with silky texture, floral perfume and layers of dark fruit, graphite and spice. Supremely elegant with refined tannins and exceptional length.",Cabernet Sauvignon : Merlot : Cabernet Franc : Carmenere,13.5%,Dark fruit : Graphite : Floral : Spice : Cedar : Violet,16-18°C
2019,France,Bordeaux,Chateau La Clotte,12,75cl,2027-2045,Grand Cru Classe,3,JS 93 : RP 92 : NM 91,"Charming Saint-Emilion with plum, cherry, spice and subtle oak. Medium-bodied with soft tannins and a round, accessible palate.",Merlot : Cabernet Franc,14%,Plum : Cherry : Spice : Oak : Tobacco : Earth,16-18°C
2019,France,Bordeaux,Chateau Les Cruzelles,6,75cl,2026-2042,-,3,JS 94 : RP 93 : NM 92,"Excellent Lalande-de-Pomerol with rich dark fruit, truffle, chocolate and spice. Full-bodied with plush, velvety tannins and a generous, fleshy palate.",Merlot : Cabernet Franc,14.5%,Dark fruit : Truffle : Chocolate : Spice : Plum : Cedar,16-18°C
2019,France,Bordeaux,Chateau Leoville Poyferre,6,75cl,2030-2060,2eme Grand Cru Classe,5,JS 98 : NM 97 : RP 97 : JA 96,"A monumental Saint-Julien with extraordinary depth and precision. Dense cassis, blackberry, graphite and cedar with seamless, polished tannins and remarkable persistence.",Cabernet Sauvignon : Merlot : Petit Verdot : Cabernet Franc,13.5%,Cassis : Blackberry : Graphite : Cedar : Violet : Spice,16-18°C
2019,France,Bordeaux,Chateau Meyney,12,75cl,2027-2045,Cru Bourgeois Exceptionnel,2,JS 93 : RP 92 : JA 91,"Powerful Saint-Estephe with concentrated dark fruit, graphite and spice. Full-bodied with firm tannins and impressive depth for its classification.",Cabernet Sauvignon : Merlot : Petit Verdot : Cabernet Franc,14%,Dark fruit : Graphite : Spice : Cedar : Leather : Earth,16-18°C
2019,France,Burgundy,Domaine Heresztyn-Mazzini Gevrey-Chambertin 'Les Jouises' V.V.,2,75cl,2025-2038,Village,3,BH 92 : JR 17 : AG 91,"Old-vine village Gevrey with depth and character. Red and dark fruit, earth, spice and subtle forest floor. Well-structured with fine tannins.",Pinot Noir,13%,Red fruit : Dark fruit : Earth : Spice : Forest floor : Leather,15-17°C
2019,France,Burgundy,Domaine Heresztyn-Mazzini Gevrey-Chambertin 'Les Songes' V.V.,1,75cl,2025-2038,Village,3,BH 91 : JR 16.5,"Silky old-vine Gevrey with red cherry, raspberry, violet and earthy notes. Elegant and approachable with refined tannins and a delicate finish.",Pinot Noir,13%,Red cherry : Raspberry : Violet : Earth : Spice : Mineral,15-17°C
2019,France,Burgundy,Domaine Stephanie Magnien MSD 1er Cru 'Aux Petites Noix',2,75cl,2027-2042,1er Cru,3,BH 92 : JR 17 : AG 92,"Structured Morey-Saint-Denis 1er Cru with dark fruit, mineral, leather and spice. Firm tannins and good concentration suggest excellent ageing potential.",Pinot Noir,13%,Dark fruit : Mineral : Leather : Spice : Earth : Violet,15-17°C
2019,France,Burgundy,Domaine Joseph Voillot Pommard 'Vieilles Vignes',1,75cl,2025-2038,Village,3,BH 91 : AG 91 : JR 16.5,"Classic Pommard with dark fruit, earth, iron and spice. Medium-to-full-bodied with firm tannins and the rustic charm typical of the appellation.",Pinot Noir,13%,Dark fruit : Earth : Iron : Spice : Leather : Dried herb,15-17°C
2019,France,Burgundy,Domaine Taupenot-Merme Gevrey-Chambertin,2,75cl,2025-2038,Village,3,BH 91 : AG 91 : JR 17,"Expressive village Gevrey with red and dark fruit, earth, subtle spice and a touch of oak. Balanced with silky tannins and a fresh, lingering finish.",Pinot Noir,13%,Red fruit : Dark fruit : Earth : Spice : Oak : Cherry,15-17°C
2019,France,Burgundy,Domaine Thomas Morey Chassagne 1er Cru 'Les Embrazees',8,75cl,2027-2042,1er Cru,3,BH 93 : JR 17.5 : AG 93,"An outstanding white Burgundy with concentrated citrus, white peach, hazelnut and mineral notes. Full-bodied yet precise with excellent acidity and a long, saline finish.",Chardonnay,13%,Citrus : White peach : Hazelnut : Mineral : Butter : Saline,10-12°C
2019,France,Burgundy,Justin Girardin Santenay 1er Cru 'Clos Rousseau',1,75cl,2025-2038,1er Cru,2,BH 91 : AG 90,"Robust Santenay 1er Cru with dark cherry, earth, spice and a hint of stone. Full-bodied with firm tannins and good concentration.",Pinot Noir,13%,Dark cherry : Earth : Spice : Stone : Iron : Leather,15-17°C
2019,France,Burgundy,Maison Albert Bichot Corton Grand Cru 'Clos des Marechaudes',6,75cl,2029-2050,Grand Cru,4,BH 93 : JS 94 : AG 93,"Commanding Grand Cru with dark fruit, mineral, spice and earthy complexity. Full-bodied with structured tannins and impressive depth. Built for long ageing.",Pinot Noir,13.5%,Dark fruit : Mineral : Spice : Earth : Leather : Cherry,15-17°C
2019,France,Burgundy,Maison Albert Bichot Pommard 1er Cru 'Les Rugiens',6,75cl,2028-2045,1er Cru,4,BH 93 : JS 93 : AG 92,"Powerful Rugiens with iron, dark fruit, earth and spice. Dense and structured with firm tannins and the signature mineral intensity of this celebrated climat.",Pinot Noir,13.5%,Iron : Dark fruit : Earth : Spice : Mineral : Leather,15-17°C
2019,Italy,Piedmont,"Barbaresco: Fiorenzo Nada, Montaribaldi",1,Magnum,2030-2055,DOCG,3,JS 93 : AG 92,"Refined Barbaresco with red cherry, rose, dried herbs and spice. Elegant and perfumed with silky tannins and a long, balanced finish.",Nebbiolo,14%,Red cherry : Rose : Dried herbs : Spice : Earth : Tar,18-20°C
2019,Italy,Piedmont,"Barbaresco: La Ca Nova, Bric Mentina Montefico",6,750ml,2029-2050,DOCG,3,JS 93 : AG 92,"Expressive Montefico cru with wild cherry, herbs, rose and mineral. Medium-to-full-bodied with fine-grained tannins and impressive balance.",Nebbiolo,14%,Wild cherry : Herbs : Rose : Mineral : Tar : Earth,18-20°C
2019,Italy,Piedmont,"Barbaresco: Produttori del Barbaresco, Normale",6,750ml,2027-2045,DOCG,2,AG 92 : JS 92 : RP 91,"The benchmark entry-level Barbaresco with red cherry, dried herbs, tar and spice. Vibrant and well-balanced with fine tannins and good freshness.",Nebbiolo,14.5%,Red cherry : Dried herbs : Tar : Spice : Rose : Earth,18-20°C
2019,Italy,Piedmont,"Barolo: Elio Grasso, Gavarini Chiniera",2,Magnum,2030-2060,DOCG,5,AG 96 : JS 96 : RP 95,"Outstanding single-vineyard Barolo with dark cherry, crushed flowers, spice and mineral. Powerful yet elegant with fine-grained tannins and exceptional depth.",Nebbiolo,14.5%,Dark cherry : Crushed flowers : Spice : Mineral : Tar : Leather,18-20°C
2019,Italy,Piedmont,"Barolo: Elio Grasso, Ginestra Casa Mate",2,Magnum,2030-2060,DOCG,5,AG 97 : JS 96 : RP 96,"Majestic Ginestra Barolo with incredible depth of dark fruit, tar, rose, liquorice and mineral. Monumental structure with polished tannins. A tour de force.",Nebbiolo,14.5%,Dark fruit : Tar : Rose : Liquorice : Mineral : Leather,18-20°C
2019,Italy,Piedmont,"Barolo: Fratelli Alessandria, Comune di Verduno",6,750ml,2027-2045,DOCG,3,JS 93 : AG 92 : RP 91,"Approachable Barolo from Verduno with bright cherry, strawberry, rose and subtle spice. Lighter-bodied for Barolo with fine tannins and lovely perfume.",Nebbiolo,14%,Cherry : Strawberry : Rose : Spice : Violet : Earth,18-20°C
2019,Italy,Piedmont,"Barolo: Fratelli Alessandria, Gramolere",1,Magnum,2030-2058,DOCG,4,JS 96 : AG 95 : RP 94,"Powerful Gramolere cru with dark fruit, tar, leather, iron and spice. Dense, structured tannins and remarkable concentration. A serious Barolo built for the long haul.",Nebbiolo,14.5%,Dark fruit : Tar : Leather : Iron : Spice : Liquorice,18-20°C
2019,Italy,Piedmont,"Barolo: Renato Corino, Rocche Dell'Annunziata",6,750ml,2028-2052,DOCG,4,JS 95 : AG 94 : RP 93,"Elegant Barolo from a prime La Morra vineyard with red cherry, rose, dried herbs, tar and spice. Silky tannins and exceptional perfume.",Nebbiolo,14.5%,Red cherry : Rose : Dried herbs : Tar : Spice : Mineral,18-20°C
2019,Italy,Tuscany,Castello Romitorio Brunello di Montalcino,6,750ml,2028-2048,DOCG,3,JS 94 : RP 93 : AG 92,"Generous Brunello with dark cherry, plum, vanilla and spice. Full-bodied with smooth tannins and an open, modern expression.",Sangiovese,14%,Dark cherry : Plum : Vanilla : Spice : Leather : Tobacco,16-18°C
2019,Italy,Tuscany,Conti Costanti Brunello di Montalcino,6,750ml,2029-2052,DOCG,4,AG 96 : JS 96 : RP 95,"Classic Brunello of great elegance with red cherry, wild herbs, iron and mineral. Medium-bodied with fine tannins and a long, savoury finish. One of the great traditional estates.",Sangiovese,14%,Red cherry : Wild herbs : Iron : Mineral : Leather : Earth,16-18°C
2019,Italy,Tuscany,Fattoria Le Pupille 'Saffredi' Maremma Toscana,6,750ml,2025-2038,IGT,4,JS 96 : RP 95 : AG 94,"A flagship Super Tuscan from the Maremma with dark fruit, spice, graphite and Mediterranean herbs. Full-bodied with velvety tannins and a generous, warm palate.",Cabernet Sauvignon : Merlot : Petit Verdot,14.5%,Dark fruit : Spice : Graphite : Mediterranean herbs : Plum : Chocolate,16-18°C
2019,Italy,Tuscany,Gianni Brunelli Brunello di Montalcino,1,750ml,2029-2050,DOCG,3,JS 95 : AG 94 : RP 93,"Characterful Brunello with red cherry, dried herbs, leather and iron. Medium-bodied with firm tannins and excellent acidity. A fine expression of traditional Montalcino.",Sangiovese,14%,Red cherry : Dried herbs : Leather : Iron : Earth : Spice,16-18°C
2019,Italy,Tuscany,Il Poggione Brunello di Montalcino,6,750ml,2029-2052,DOCG,4,JS 96 : AG 95 : RP 95,"Outstanding estate Brunello with dark cherry, plum, tobacco, leather and spice. Full-bodied with firm, polished tannins and exceptional depth and persistence.",Sangiovese,14.5%,Dark cherry : Plum : Tobacco : Leather : Spice : Earth,16-18°C
2019,Italy,Tuscany,Poggio di Sotto Rosso di Montalcino,6,750ml,2024-2034,DOC,3,AG 93 : JS 93 : RP 92,"A vivid and perfumed Rosso with bright cherry, wild herbs, blood orange and mineral. Fresh and energetic with fine tannins. Essentially a baby Brunello of remarkable quality.",Sangiovese,13.5%,Bright cherry : Wild herbs : Blood orange : Mineral : Earth : Spice,16-18°C
2020,France,Bordeaux,Chateau Clos du Marquis,6,75cl,2030-2052,-,3,JS 95 : NM 94 : RP 93,"Polished Saint-Julien with cassis, graphite, cedar and spice. Finely structured with elegant tannins and a long, persistent finish.",Cabernet Sauvignon : Merlot : Cabernet Franc,13.5%,Cassis : Graphite : Cedar : Spice : Blackcurrant : Violet,16-18°C
2020,France,Bordeaux,Chateau Langoa Barton,6,75cl,2030-2052,3eme Grand Cru Classe,4,JS 94 : NM 93 : RP 92 : JA 93,"Classic Saint-Julien with dark fruit, cedar and fine tannins. Medium-to-full-bodied with excellent structure and a fresh, linear finish.",Cabernet Sauvignon : Merlot : Cabernet Franc,13.5%,Dark fruit : Cedar : Spice : Tobacco : Graphite : Blackcurrant,16-18°C
2020,France,Bordeaux,Chateau Les Cruzelles,6,75cl,2027-2045,-,3,JS 94 : RP 93 : NM 92,"Rich Lalande-de-Pomerol with dark fruit, truffle and chocolate. Full-bodied with plush tannins and a generous, fleshy palate.",Merlot : Cabernet Franc,14.5%,Dark fruit : Truffle : Chocolate : Plum : Spice : Cedar,16-18°C
2020,France,Bordeaux,Chateau Malartic-Lagraviere,6,75cl,2030-2052,Grand Cru Classe de Graves,4,JS 95 : RP 94 : NM 94 : JA 94,"Polished Pessac-Leognan with dark fruit, graphite, smoke and spice. Full-bodied with refined tannins and a long, complex finish.",Cabernet Sauvignon : Merlot : Cabernet Franc : Petit Verdot,14%,Dark fruit : Graphite : Smoke : Spice : Cedar : Earth,16-18°C
2020,France,Bordeaux,Domaine de Chevalier (Rouge),6,75cl,2030-2055,Grand Cru Classe de Graves,4,JS 96 : NM 95 : RP 95 : JA 95,"Exceptional Pessac-Leognan with incredible complexity and finesse. Dark fruit, graphite, smoke, truffles and spice interwoven with silky, polished tannins.",Cabernet Sauvignon : Merlot : Petit Verdot : Cabernet Franc,14%,Dark fruit : Graphite : Smoke : Truffle : Spice : Cedar,16-18°C
2020,France,Burgundy,Domaine Bitouzet-Prieur Volnay,6,75cl,2025-2035,Village,2,BH 90 : JR 16.5 : AG 90,"Charming village Volnay with red cherry, violet, spice and a touch of earth. Light-to-medium-bodied with silky tannins and fresh acidity.",Pinot Noir,13%,Red cherry : Violet : Spice : Earth : Strawberry : Mineral,15-17°C
2020,France,Burgundy,Domaine Latour-Giraud Meursault 1er Cru 'Boucheres',4,75cl,2026-2040,1er Cru,3,BH 92 : JR 17 : AG 92,"Richly textured Meursault with citrus, white peach, hazelnut and butter. Full-bodied with creamy mouthfeel and vibrant acidity providing excellent balance.",Chardonnay,13%,Citrus : White peach : Hazelnut : Butter : Mineral : Honey,10-12°C
2020,France,Burgundy,Domaine Latour-Giraud Meursault 1er Cru 'Les Genevrieres',6,75cl,2027-2042,1er Cru,4,BH 93 : JR 17.5 : AG 93,"Exquisite Genevrieres with concentrated citrus, white flower, hazelnut and mineral. Precise and focused with outstanding length and a saline, persistent finish.",Chardonnay,13%,Citrus : White flower : Hazelnut : Mineral : Saline : Butter,10-12°C
2020,France,Burgundy,Domaine Marc Morey & Fils Chassagne 1er Cru 'En Virondot',2,75cl,2026-2040,1er Cru,3,BH 92 : AG 91 : JR 17,"Elegant Chassagne 1er Cru white with citrus, white peach, almond and mineral. Medium-bodied with fresh acidity and a clean, focused finish.",Chardonnay,13%,Citrus : White peach : Almond : Mineral : Floral : Butter,10-12°C
2020,France,Burgundy,Domaine Marc Morey & Fils Chassagne 1er Cru 'Morgeot' (Rouge),6,75cl,2025-2038,1er Cru,3,BH 91 : AG 90 : JR 16.5,"A rare red Chassagne from the Morgeot climat with dark cherry, earth, spice and leather. Medium-bodied with firm tannins and a savoury character.",Pinot Noir,13%,Dark cherry : Earth : Spice : Leather : Iron : Herbs,15-17°C
2020,France,Burgundy,Domaine Rion Nuits-St-Georges 1er Cru 'Terres Blanches' (Blanc),6,75cl,2026-2038,1er Cru,3,BH 92 : JR 17 : AG 91,"Rare white Nuits-Saint-Georges 1er Cru with citrus, white peach, mineral and a distinctive chalky character. Fresh and precise with good complexity.",Chardonnay,13%,Citrus : White peach : Mineral : Chalk : Floral : Honey,10-12°C
2020,France,Burgundy,Domaine Robert Chevillon Nuits-St-Georges 1er Cru 'Les Chaignots',6,75cl,2027-2045,1er Cru,4,BH 93 : AG 93 : JR 17.5,"Superb Chaignots from a master of the appellation with dark fruit, spice, mineral and earthy depth. Structured with firm tannins and outstanding ageing potential.",Pinot Noir,13%,Dark fruit : Spice : Mineral : Earth : Leather : Iron,15-17°C
2020,France,Burgundy,Domaine Stephane Magnien Morey-St-Denis 'Vieilles Vignes',4,75cl,2025-2035,Village,2,BH 91 : AG 90 : JR 16.5,"Old-vine village Morey with red and dark fruit, spice, earth and subtle floral notes. Medium-bodied with fine tannins and a fresh, clean finish.",Pinot Noir,13%,Red fruit : Dark fruit : Spice : Earth : Floral : Leather,15-17°C
2020,France,Burgundy,Domaine Sebastien Magnien Meursault 'Les Meix Chavaux',2,75cl,2025-2035,Village,3,BH 91 : JR 17 : AG 90,"Elegant village Meursault with citrus, white peach, butter and subtle mineral. Medium-bodied with fresh acidity and a clean, balanced finish.",Chardonnay,13%,Citrus : White peach : Butter : Mineral : Hazelnut : Floral,10-12°C
2020,Germany,Rheingau,Kunstler Hochheimer Holle Riesling GG,3,750ml,2025-2042,VDP Grosse Lage,4,JS 98 : FWR 96 : FS 94,Enormously concentrated yet graceful dry Riesling with deep peach and apricot nose. Stature to stand alongside Grand Cru white Burgundy. Beautifully balanced finish that pulls you magnetically back to the glass.,Riesling,13%,Peach : Apricot : Grapefruit : Mineral : Floral : Stone fruit,9-11°C
2020,Germany,Mosel,Vollenweider Wolfer Goldgrube Riesling,1,750ml,2028-2045,VDP Grosse Lage,3,JS 95 : MFW 94,"Pristine Mosel Riesling with white peach, citrus, slate and floral notes. Brilliant acidity and a taut, mineral-driven palate of exceptional precision.",Riesling,11.5%,White peach : Citrus : Slate : Floral : Mineral : Herb,8-10°C
2020,Germany,Mosel,Vollenweider Wolfer Goldgrube Riesling 'Aurum',3,750ml,2030-2050,VDP Grosse Lage,4,JS 97 : MFW 96,"A top selection from Goldgrube with remarkable concentration and complexity. Apricot, peach, exotic citrus and profound mineral depth. Laser-like acidity and extraordinary persistence.",Riesling,10.5%,Apricot : Peach : Exotic citrus : Mineral : Slate : Honey,8-10°C
2020,Germany,Mosel,Willi Schaefer Graacher Domprobst Spatlese #10,4,750ml,2028-2055,VDP Grosse Lage,4,JS 97 : MFW 96 : RP 95,"Magical Spatlese from the legendary Domprobst vineyard with apricot, peach, honey, smoke and slate. Breathtaking interplay of sweetness and acidity with incredible length.",Riesling,8%,Apricot : Peach : Honey : Smoke : Slate : Citrus,8-10°C
2020,Italy,Piedmont,"Barbaresco: La Ca Nova, Bric Mentina Montefico",6,750ml,2030-2050,DOCG,3,JS 93 : AG 92,"Expressive Barbaresco from Montefico with red cherry, herbs, rose and spice. Well-balanced with fine tannins and good freshness.",Nebbiolo,14%,Red cherry : Herbs : Rose : Spice : Tar : Earth,18-20°C
2020,Italy,Piedmont,"Barbaresco: La Ca Nova, Montestafano",6,750ml,2030-2050,DOCG,3,JS 93 : AG 92,"Structured Montestefano with dark cherry, tar, leather and spice. Full-bodied with dense tannins and a long, persistent finish.",Nebbiolo,14%,Dark cherry : Tar : Leather : Spice : Dried herb : Mineral,18-20°C
2020,Italy,Piedmont,"Barbaresco: Produttori del Barbaresco, Normale",4,750ml,2028-2045,DOCG,2,AG 92 : JS 92 : RP 91,"Benchmark Barbaresco with red cherry, dried herbs, tar and spice. Vibrant and well-balanced with fine tannins and fresh acidity.",Nebbiolo,14.5%,Red cherry : Dried herbs : Tar : Spice : Rose : Earth,18-20°C
2020,Italy,Piedmont,"Barbaresco: Rizzi, Pajore",5,750ml,2028-2048,DOCG,3,JS 94 : AG 93 : RP 92,"Refined Pajore cru Barbaresco with wild cherry, rose petal, tar and herbs. Silky tannins and lovely perfume with a long, elegant finish.",Nebbiolo,14%,Wild cherry : Rose petal : Tar : Herbs : Mineral : Spice,18-20°C
2020,Italy,Piedmont,"Barolo: Fratelli Alessandria, San Lorenzo di Verduno",2,Magnum,2030-2058,DOCG,4,JS 95 : AG 94 : RP 93,"Charming San Lorenzo cru with bright cherry, rose, spice and subtle earthy tones. Fine-grained tannins and beautiful balance from the Verduno commune.",Nebbiolo,14%,Cherry : Rose : Spice : Earth : Violet : Tar,18-20°C
2020,Italy,Piedmont,"Barolo: Michele Chiarlo, Barolo",1,750ml,2028-2048,DOCG,3,JS 93 : AG 91 : RP 91,"Classic commune Barolo with red cherry, dried flowers, leather and spice. Medium-bodied with firm tannins and good typicity.",Nebbiolo,14%,Red cherry : Dried flowers : Leather : Spice : Tar : Earth,18-20°C
2020,Italy,Piedmont,"Barolo: Trediberri, Berri",6,750ml,2028-2050,DOCG,3,AG 94 : JS 93 : RP 92,"Fresh and modern Barolo from the Berri vineyard in La Morra with bright cherry, wild strawberry, dried flowers and mineral. Elegant with refined tannins.",Nebbiolo,14%,Cherry : Wild strawberry : Dried flowers : Mineral : Spice : Herbs,18-20°C
2020,Spain,Sierra de Gredos,4 Monos Aguja del Fraile,6,750ml,2025-2038,-,3,JS 95 : RP 94 : AG 93,"Thrilling Garnacha from old vines in the Sierra de Gredos with bright red fruit, wild herbs, granite mineral and floral notes. Light-bodied yet intensely flavoured with crystalline purity.",Garnacha,13.5%,Red fruit : Wild herbs : Granite : Floral : Mineral : Spice,14-16°C
2020,Spain,Rioja,Oxer Bastegieta Ahari,6,750ml,2025-2036,-,2,JS 93 : RP 92,"Vibrant Rioja Alavesa with bright red fruit, floral aromas, mineral and gentle spice. Fresh and modern with fine tannins and excellent balance.",Tempranillo,14%,Red fruit : Floral : Mineral : Spice : Cherry : Herbs,16-18°C
2021,France,Burgundy,Domaine Latour-Giraud Bourgogne Blanc,3,75cl,2024-2030,Regional,1,BH 89 : JR 16,"Well-made Bourgogne Blanc with citrus, apple, mineral and a touch of butter. Fresh and clean with good acidity and a crisp finish.",Chardonnay,12.5%,Citrus : Apple : Mineral : Butter : Floral : Pear,10-12°C
2021,France,Burgundy,Domaine Taupenot-Merme Nuits-St-Georges 1er Cru 'Les Pruliers',6,75cl,2029-2046,1er Cru,4,BH 93 : AG 93 : JR 17.5,"Powerful Pruliers with dark fruit, iron, earth and spice. Dense and structured with firm tannins and a long, mineral-driven finish. Built for long ageing.",Pinot Noir,13%,Dark fruit : Iron : Earth : Spice : Mineral : Leather,15-17°C
2021,Germany,Saar,Peter Lauer Kupp Riesling Kabinett #8,1,750ml,2026-2046,VDP Grosse Lage,3,JS 95 : MFW 94,"Delicate Saar Kabinett from the Kupp vineyard with citrus, green apple, slate and white peach. Featherlight with brilliant acidity and crystalline purity.",Riesling,8.5%,Citrus : Green apple : Slate : White peach : Mineral : Floral,8-10°C
2021,Germany,Nahe,Schaefer-Frohlich Felsenberg Riesling GG,6,750ml,2027-2048,VDP Grosse Lage,4,JS 97 : RP 96 : MFW 95,"Monumental dry Riesling from the Felsenberg vineyard with citrus, peach, crushed rock, smoke and herb. Incredibly concentrated with laser-like acidity and extraordinary mineral depth.",Riesling,12.5%,Citrus : Peach : Crushed rock : Smoke : Herb : Mineral,9-11°C
2021,Germany,Nahe,Schaefer-Frohlich Stromberg Riesling GG,6,750ml,2027-2048,VDP Grosse Lage,4,JS 96 : RP 95 : MFW 94,"Powerful Nahe Riesling from volcanic soil with citrus, stone fruit, herb and a smoky mineral intensity. Full-bodied for Riesling with incredible persistence.",Riesling,12.5%,Citrus : Stone fruit : Herb : Smoky mineral : Floral : Spice,9-11°C
2021,Italy,Piedmont,"Barbaresco: Albino Rocca, Ovello Vigneto Loreto",6,750ml,2029-2050,DOCG,4,JS 95 : AG 94 : RP 93,"Outstanding single-vineyard Ovello with wild cherry, rose, tar and dried herbs. Refined tannins and lovely perfume with a long, elegant finish.",Nebbiolo,14.5%,Wild cherry : Rose : Tar : Dried herbs : Spice : Mineral,18-20°C
2021,Italy,Piedmont,"Barbaresco: Giuseppe Cortese, Rabaja",1,Magnum,2031-2058,DOCG,4,AG 94 : JS 93 : RP 93,"Classic Rabaja with perfumed red cherry, rose, tar and dried herbs. Fine-grained tannins and outstanding purity from this revered cru.",Nebbiolo,14.5%,Red cherry : Rose : Tar : Dried herbs : Mineral : Spice,18-20°C
2021,Italy,Piedmont,"Barbaresco: La Ca Nova, Bric Mentina Montefico",6,750ml,2029-2050,DOCG,3,JS 93 : AG 92,"Vibrant Montefico cru with red cherry, wild herbs, rose and spice. Medium-bodied with fine tannins and lovely freshness.",Nebbiolo,14%,Red cherry : Wild herbs : Rose : Spice : Tar : Earth,18-20°C
2021,Italy,Piedmont,"Barbaresco: La Ca Nova, Montestafano",6,750ml,2029-2050,DOCG,3,JS 93 : AG 92,"Rich and structured Montestefano with dark cherry, tar, leather and spice. Dense tannins and a long, persistent finish.",Nebbiolo,14%,Dark cherry : Tar : Leather : Spice : Herbs : Mineral,18-20°C
2021,Italy,Piedmont,"Barbaresco: Produttori del Barbaresco, Normale",6,750ml,2028-2045,DOCG,2,AG 92 : JS 91 : RP 91,"Classic Barbaresco with cherry, dried herbs, tar and spice. Fresh and vibrant with fine tannins and a balanced, medium-bodied palate.",Nebbiolo,14.5%,Cherry : Dried herbs : Tar : Spice : Rose : Earth,18-20°C
2021,Italy,Piedmont,"Barbaresco: Produttori del Barbaresco, Normale",3,Magnum,2031-2058,DOCG,2,AG 92 : JS 91 : RP 91,"Classic Barbaresco with cherry, dried herbs, tar and spice. Fresh and vibrant with fine tannins and a balanced, medium-bodied palate. Magnum format enhances ageing.",Nebbiolo,14.5%,Cherry : Dried herbs : Tar : Spice : Rose : Earth,18-20°C
2021,Italy,Piedmont,"Barolo: Trediberri, Berri",6,750ml,2029-2050,DOCG,3,AG 93 : JS 93 : RP 92,"Modern and fresh Barolo from La Morra with bright cherry, wild strawberry, dried flowers, mineral and herbs. Elegant with refined tannins.",Nebbiolo,14%,Cherry : Wild strawberry : Dried flowers : Mineral : Herbs : Spice,18-20°C
2022,France,Bordeaux,Chateau Branaire-Ducru,6,75cl,2032-2055,4eme Grand Cru Classe,4,JS 95 : NM 94 : RP 93 : JA 93,"Elegant Saint-Julien with dark fruit, violet, graphite and cedar. Polished tannins and a long, refined finish. Classic and age-worthy.",Cabernet Sauvignon : Merlot : Cabernet Franc : Petit Verdot,13.5%,Dark fruit : Violet : Graphite : Cedar : Spice : Tobacco,16-18°C
2022,France,Bordeaux,Chateau Brane-Cantenac,6,75cl,2032-2055,2eme Grand Cru Classe,4,JS 96 : NM 95 : RP 94 : JA 94,"Silky Margaux with floral perfume, dark fruit, graphite and subtle spice. Supremely elegant with refined tannins and exceptional finesse.",Cabernet Sauvignon : Merlot : Cabernet Franc : Carmenere,13.5%,Floral : Dark fruit : Graphite : Spice : Violet : Cedar,16-18°C
2022,France,Bordeaux,Chateau Haut-Bages Liberal,6,75cl,2030-2052,5eme Grand Cru Classe,3,JS 94 : NM 93 : RP 92,"Focused Pauillac with cassis, graphite, cedar and spice. Medium-to-full-bodied with firm tannins and a precise, linear finish.",Cabernet Sauvignon : Merlot,13.5%,Cassis : Graphite : Cedar : Spice : Blackcurrant : Tobacco,16-18°C
2022,France,Bordeaux,Chateau La Gaffeliere,6,75cl,2030-2055,1er Grand Cru Classe B,4,JS 96 : NM 95 : RP 95 : JA 94,"Outstanding Saint-Emilion with plum, dark cherry, spice, graphite and floral notes. Full-bodied with velvety tannins and exceptional complexity.",Merlot : Cabernet Franc : Cabernet Sauvignon,14%,Plum : Dark cherry : Spice : Graphite : Floral : Cedar,16-18°C
2022,France,Bordeaux,Chateau Lagrange,6,75cl,2030-2052,3eme Grand Cru Classe,3,JS 94 : NM 93 : RP 92,"Well-structured Saint-Julien with dark fruit, cedar, tobacco and spice. Firm tannins and a long, classical finish.",Cabernet Sauvignon : Merlot : Petit Verdot,13.5%,Dark fruit : Cedar : Tobacco : Spice : Graphite : Blackcurrant,16-18°C
2022,France,Bordeaux,Chateau Laroque,6,75cl,2030-2050,Grand Cru Classe,3,JS 95 : NM 93 : RP 93,"Ambitious Saint-Emilion with ripe dark fruit, spice, graphite and subtle oak. Full-bodied with polished tannins and impressive depth.",Merlot : Cabernet Franc : Cabernet Sauvignon,14%,Dark fruit : Spice : Graphite : Oak : Plum : Earth,16-18°C
2022,France,Bordeaux,Chateau Tronquoy,6,75cl,2030-2050,-,2,JS 93 : NM 92 : RP 91,"Solid Saint-Estephe with dark fruit, graphite, spice and earthy notes. Medium-to-full-bodied with firm tannins and good concentration.",Merlot : Cabernet Sauvignon : Petit Verdot,14%,Dark fruit : Graphite : Spice : Earth : Cedar : Leather,16-18°C
2022,France,Burgundy,Maison Albert Bichot Chablis 1er Cru 'Les Vaucopins',6,75cl,2027-2038,1er Cru,3,BH 92 : JS 92 : AG 91,"Precise Chablis 1er Cru with citrus, green apple, oyster shell and mineral. Lean and focused with vibrant acidity and a chalky, persistent finish.",Chardonnay,13%,Citrus : Green apple : Oyster shell : Mineral : Chalk : Floral,10-12°C
2022,Germany,Rheingau,Schloss Johannisberg Riesling Grunack Spatlese,2,750ml,2028-2055,VDP Grosse Lage,3,JS 95 : MFW 93,"Elegant Spatlese from the historic Schloss Johannisberg with apricot, peach, honey and a flinty mineral character. Beautifully balanced sweetness and acidity.",Riesling,9%,Apricot : Peach : Honey : Flinty mineral : Citrus : Floral,8-10°C
2022,Spain,Basque Country,Oxer Bastegieta Marko Terlegiz Txakolina,6,750ml,2024-2029,-,1,JS 91,"Refreshing Txakolina with green apple, citrus, light spritz and a saline finish. Crisp and light-bodied, perfect as an aperitif.",Hondarrabi Zuri,11.5%,Green apple : Citrus : Saline : Light spritz : Herb : Mineral,6-8°C
2023,France,Bordeaux,Chateau Tronquoy,3,Magnum,2033-2058,-,3,JS 93 : NM 92 : RP 91,"Concentrated Saint-Estephe with dark fruit, graphite and spice. Firm tannins and good structure. Magnum format enhances ageing potential.",Merlot : Cabernet Sauvignon : Petit Verdot,14%,Dark fruit : Graphite : Spice : Earth : Cedar : Leather,16-18°C
2023,Germany,Saar,Peter Lauer Feils Riesling #13 GG,6,750ml,2028-2048,VDP Grosse Lage,4,JS 96 : MFW 95,"Stunning dry Riesling from the Feils vineyard with citrus, peach, crushed slate and herbal notes. Razor-sharp acidity and extraordinary mineral depth.",Riesling,12%,Citrus : Peach : Crushed slate : Herbal : Mineral : Stone fruit,9-11°C
2023,Germany,Saar,Peter Lauer Schonfels Riesling #11 GG,12,750ml,2028-2048,VDP Grosse Lage,3,JS 95 : MFW 94,"Elegant Saar Riesling with white peach, citrus, slate and floral aromas. Pristine acidity and a taut, mineral-driven palate of exceptional precision.",Riesling,12%,White peach : Citrus : Slate : Floral : Mineral : Herb,9-11°C
2023,Germany,Mosel,Willi Schaefer Graacher Domprobst Kabinett #3,6,750ml,2028-2055,VDP Grosse Lage,3,JS 96 : MFW 95 : RP 94,"Quintessential Mosel Kabinett with citrus, green apple, peach and slate. Featherlight yet intensely flavoured with crystalline purity and brilliant acidity.",Riesling,8%,Citrus : Green apple : Peach : Slate : Mineral : Honey,8-10°C
2023,Germany,Mosel,Willi Schaefer Graacher Himmelreich Kabinett #2,6,750ml,2028-2055,VDP Grosse Lage,3,JS 95 : MFW 94 : RP 93,"Delicate Kabinett from Himmelreich with citrus, peach, floral and mineral notes. Silky and ethereal with beautiful balance between fruit sweetness and bright acidity.",Riesling,8%,Citrus : Peach : Floral : Mineral : Honey : Slate,8-10°C
2023,Spain,Valdeorras,Virgen del Galir Regueiron Godello,6,750ml,2025-2033,-,1,JS 92 : RP 91,"Fresh and mineral Godello with citrus, white peach, almond and a subtle herbal quality. Medium-bodied with bright acidity and a clean, saline finish.",Godello,13%,Citrus : White peach : Almond : Herbal : Saline : Mineral,10-12°C
2024,Germany,Saar,Peter Lauer Kupp Riesling #18 GG,6,750ml,2028-2050,VDP Grosse Lage,4,JS 97 : MFW 95,"Monumental dry Riesling from the revered Kupp vineyard with citrus, stone fruit, crushed slate and herbal notes. Intense and concentrated with stunning mineral depth.",Riesling,12%,Citrus : Stone fruit : Crushed slate : Herbal : Mineral : Floral,9-11°C
2024,Germany,Rheinhessen,Wagner-Stempel Heerkretz Riesling GG,6,750ml,2028-2050,VDP Grosse Lage,4,JS 96 : MFW 94,"Powerful dry Riesling from porphyry soils with citrus, peach, crushed rock and smoky mineral. Full-bodied with laser-like acidity and extraordinary length.",Riesling,12.5%,Citrus : Peach : Crushed rock : Smoky mineral : Herb : Spice,9-11°C
